{"frames":{"diamond":{"frame":{"x":33,"y":49,"w":32,"h":28},"rotated":false,"trimmed":false,"spriteSourceSize":{"x":0,"y":0,"w":32,"h":28},"sourceSize":{"w":32,"h":28}},"star":{"frame":{"x":66,"y":49,"w":24,"h":22},"rotated":false,"trimmed":false,"spriteSourceSize":{"x":0,"y":0,"w":24,"h":22},"sourceSize":{"w":24,"h":22}},"dude1":{"frame":{"x":62,"y":0,"w":30,"h":48},"rotated":false,"trimmed":false,"spriteSourceSize":{"x":0,"y":0,"w":30,"h":48},"sourceSize":{"w":30,"h":48}},"dude2":{"frame":{"x":93,"y":0,"w":30,"h":48},"rotated":false,"trimmed":false,"spriteSourceSize":{"x":0,"y":0,"w":30,"h":48},"sourceSize":{"w":30,"h":48}},"dude3":{"frame":{"x":31,"y":0,"w":30,"h":48},"rotated":false,"trimmed":false,"spriteSourceSize":{"x":0,"y":0,"w":30,"h":48},"sourceSize":{"w":30,"h":48}},"dude4":{"frame":{"x":0,"y":0,"w":30,"h":48},"rotated":false,"trimmed":false,"spriteSourceSize":{"x":0,"y":0,"w":30,"h":48},"sourceSize":{"w":30,"h":48}},"baddie1":{"frame":{"x":93,"y":49,"w":30,"h":32},"rotated":false,"trimmed":false,"spriteSourceSize":{"x":0,"y":0,"w":30,"h":32},"sourceSize":{"w":30,"h":32}},"baddie2":{"frame":{"x":0,"y":49,"w":32,"h":32},"rotated":false,"trimmed":false,"spriteSourceSize":{"x":0,"y":0,"w":32,"h":32},"sourceSize":{"w":32,"h":32}}},"meta":{"app":"https://www.leshylabs.com/apps/sstool/","version":"Leshy SpriteSheet Tool v0.8.4","image":"sprites.png","size":{"w":123,"h":81},"scale":1}}